period,bsurf
0.69374767,1.22E+12
0.002634135,4.50E+07
0.003463099,4.55E+07
0.002977819,6.80E+07
0.002677923,6.97E+07
0.002338514,7.29E+07
0.003539376,7.65E+07
0.004990575,7.73E+07
0.002159288,8.05E+07
0.002427888,8.34E+07
0.00265213,8.61E+07
0.003354336,8.92E+07
0.003445251,9.26E+07
0.003163316,9.55E+07
0.005109273,9.70E+07
0.002789552,9.74E+07
0.001877182,9.77E+07
0.003266187,9.93E+07
0.002868953,1.01E+08
0.003170139,1.01E+08
0.002630381,1.04E+08
0.005277327,1.08E+08
0.001687987,1.09E+08
0.00339271,1.13E+08
0.002379879,1.13E+08
0.002573152,1.17E+08
0.003543431,1.19E+08
0.001855733,1.20E+08
0.0021867,1.22E+08
0.0017424,1.28E+08
0.004638029,1.31E+08
0.004631196,1.31E+08
0.001845666,1.34E+08
0.001686375,1.38E+08
0.003784405,1.38E+08
0.002556367,1.39E+08
0.003625097,1.40E+08
0.003496634,1.41E+08
0.002194696,1.48E+08
0.00164561,1.49E+08
0.003084233,1.51E+08
0.002719112,1.52E+08
0.003299339,1.54E+08
0.002896216,1.54E+08
0.005223271,1.61E+08
0.004110544,1.64E+08
0.003617993,1.66E+08
0.003478771,1.67E+08
0.002439296,1.67E+08
0.001607402,1.67E+08
0.003934524,1.68E+08
0.002011953,1.70E+08
0.004909239,1.72E+08
0.003061844,1.73E+08
0.004201609,1.73E+08
0.004226532,1.73E+08
0.003150808,1.76E+08
0.004553528,1.78E+08
0.00205696,1.84E+08
0.004175017,1.84E+08
0.003597928,1.87E+08
0.005471331,1.87E+08
0.003050203,1.89E+08
0.006092368,1.89E+08
0.002885736,1.90E+08
0.002660593,1.91E+08
0.004091797,1.91E+08
0.005116388,1.92E+08
0.003704639,1.93E+08
0.004074546,1.93E+08
0.003788156,1.93E+08
0.003597898,1.96E+08
0.003559764,1.99E+08
0.004570137,2.00E+08
0.002149912,2.04E+08
0.002884227,2.04E+08
0.002947108,2.06E+08
0.003576582,2.10E+08
0.008853497,2.11E+08
0.003914873,2.12E+08
0.002389421,2.13E+08
0.004872766,2.13E+08
0.004185544,2.14E+08
0.005084174,2.14E+08
0.004129145,2.17E+08
0.003119227,2.17E+08
0.005790152,2.18E+08
0.004808428,2.18E+08
0.003861325,2.21E+08
0.002732589,2.22E+08
0.004983584,2.22E+08
0.004865453,2.25E+08
0.003625746,2.28E+08
0.004505159,2.30E+08
0.002560371,2.34E+08
0.00314867,2.38E+08
0.004430012,2.38E+08
0.004508642,2.42E+08
0.00234456,2.47E+08
0.006000603,2.48E+08
0.002483928,2.58E+08
0.005948958,2.60E+08
0.006907549,2.61E+08
0.003589337,2.62E+08
0.005792303,2.63E+08
0.005192325,2.71E+08
0.003627028,2.73E+08
0.00531255,2.78E+08
0.003726348,2.82E+08
0.004625962,2.83E+08
0.002643343,2.87E+08
0.006385729,2.88E+08
0.004304776,2.89E+08
0.005490969,2.90E+08
0.003683879,2.93E+08
0.004621642,2.96E+08
0.00260962,2.99E+08
0.004771523,3.00E+08
0.005185202,3.03E+08
0.005255749,3.04E+08
0.005162205,3.13E+08
0.0053621,3.13E+08
0.004931115,3.22E+08
0.003961655,3.34E+08
0.003747155,3.41E+08
0.006074542,3.45E+08
0.006284311,3.50E+08
0.004027043,3.63E+08
0.007474224,3.68E+08
0.002872006,3.70E+08
0.004033181,3.75E+08
0.003193104,3.75E+08
0.004665163,3.79E+08
0.005850096,3.80E+08
0.006743394,4.07E+08
0.001557807,4.09E+08
0.008122798,4.10E+08
0.001890107,4.14E+08
0.002623579,4.16E+08
0.002323091,4.29E+08
0.006133167,4.32E+08
0.003575289,4.38E+08
0.003102214,4.40E+08
0.032817859,4.42E+08
0.007987205,4.46E+08
0.007645873,4.48E+08
0.007602203,4.66E+08
0.009347972,4.84E+08
0.005553593,4.84E+08
0.008486282,4.84E+08
0.014841952,4.87E+08
0.009423407,4.88E+08
0.008869961,4.89E+08
0.004791823,4.95E+08
0.005757452,5.81E+08
0.004186177,5.94E+08
0.003536329,5.97E+08
0.007796776,6.04E+08
0.009343031,6.25E+08
0.012786069,6.38E+08
0.004342827,6.51E+08
0.00295891,6.54E+08
0.00341777,6.63E+08
0.016052424,7.00E+08
0.002294727,7.22E+08
0.003480463,7.27E+08
0.011109649,7.46E+08
0.015083667,7.61E+08
0.018511823,7.67E+08
0.003650329,7.92E+08
0.011987309,8.15E+08
0.015542395,8.37E+08
0.006218532,8.53E+08
0.01645293,8.54E+08
0.004479864,8.64E+08
0.004651435,9.21E+08
0.012647594,9.69E+08
0.033781332,1.00E+09
0.003233737,1.01E+09
0.021507234,1.04E+09
0.040934989,1.07E+09
0.013138183,1.12E+09
0.028853861,1.18E+09
0.023623445,1.19E+09
0.011359882,1.24E+09
0.026309677,1.30E+09
0.019376303,1.35E+09
0.028851558,1.41E+09
0.025701739,1.44E+09
0.041009824,1.48E+09
0.012586275,1.49E+09
0.00758848,1.51E+09
0.034117131,1.54E+09
0.003643021,1.57E+09
0.005139937,1.61E+09
0.043642639,1.81E+09
0.017687215,1.95E+09
0.028634888,2.04E+09
0.027285007,2.12E+09
0.032822245,2.23E+09
0.003054316,2.25E+09
0.016264003,2.28E+09
0.062452896,2.47E+09
0.043589227,2.53E+09
0.034527835,2.57E+09
0.027083183,2.61E+09
0.024575295,2.74E+09
0.011075751,2.76E+09
0.071094897,2.83E+09
0.01349582,2.85E+09
0.026744424,2.93E+09
0.045781817,2.95E+09
0.009035285,2.99E+09
0.039122657,3.11E+09
0.059767358,3.11E+09
0.023100855,3.32E+09
0.066292899,3.42E+09
0.055698014,3.66E+09
0.06082223,3.94E+09
0.016960175,4.00E+09
0.005440004,4.34E+09
0.031681843,4.37E+09
0.041741148,4.85E+09
0.024497389,4.91E+09
0.064940388,5.16E+09
0.028461589,5.45E+09
0.119267758,5.92E+09
0.045248773,6.15E+09
0.022699379,6.40E+09
0.021497232,7.61E+09
0.028961588,8.06E+09
0.088281908,8.56E+09
0.137054658,8.62E+09
0.037660167,8.78E+09
0.020732361,9.52E+09
0.037904441,9.70E+09
0.095137809,9.72E+09
0.104181955,9.80E+09
0.145654719,1.09E+10
0.062954889,1.14E+10
0.195670945,1.17E+10
0.030529296,1.25E+10
0.345602949,1.38E+10
0.029772775,1.58E+10
0.172444361,1.65E+10
0.217922882,2.08E+10
0.059030003,2.28E+10
0.056133036,2.34E+10
0.111600837,2.54E+10
0.14727431,2.58E+10
0.354550317,2.70E+10
0.426676787,2.73E+10
0.276603043,2.96E+10
0.458488407,2.99E+10
0.259246643,3.96E+10
0.185559973,4.14E+10
0.281399143,4.22E+10
0.22653899,4.27E+10
0.278729444,4.39E+10
0.269954068,4.47E+10
0.269200541,4.50E+10
0.252773323,4.83E+10
0.107718216,4.88E+10
0.444425725,4.98E+10
0.354731799,5.04E+10
0.222366515,5.14E+10
0.162323476,5.14E+10
0.227564958,5.15E+10
0.326279453,5.22E+10
0.102618288,5.29E+10
0.235248925,5.34E+10
0.241034548,5.36E+10
0.560503533,5.37E+10
0.354233941,5.39E+10
0.355156037,5.71E+10
0.18552016,5.85E+10
0.261954678,6.07E+10
0.661401759,6.28E+10
0.610258782,6.49E+10
0.297769547,6.55E+10
0.283900964,6.64E+10
0.535828895,6.91E+10
0.163727372,6.95E+10
0.551241254,7.05E+10
0.414763027,7.21E+10
0.309398366,7.27E+10
0.2172135,7.29E+10
0.434444873,7.34E+10
0.305447058,7.42E+10
0.520954311,7.49E+10
0.515983511,7.62E+10
0.334415427,7.66E+10
0.183156899,7.74E+10
0.460405819,7.86E+10
0.308917679,7.91E+10
0.419279741,8.03E+10
0.377578026,8.11E+10
0.341772477,8.34E+10
0.438113157,8.35E+10
0.336424676,8.51E+10
0.498149073,8.51E+10
0.241642176,8.63E+10
0.398292163,8.66E+10
0.298116358,8.72E+10
0.35326292,8.92E+10
0.035577876,8.96E+10
0.153716278,9.07E+10
0.2149248,9.45E+10
0.541285681,9.48E+10
0.587558978,9.50E+10
0.353293033,9.51E+10
0.224201191,9.70E+10
0.262025693,9.92E+10
0.34083213,9.95E+10
0.545445536,1.03E+11
0.299625107,1.04E+11
0.440618477,1.04E+11
0.136961611,1.05E+11
0.1785538,1.05E+11
0.351124634,1.08E+11
0.378596492,1.08E+11
0.175166247,1.10E+11
0.308580662,1.11E+11
1.216975723,1.12E+11
0.56447538,1.13E+11
0.191442663,1.15E+11
0.447708444,1.18E+11
0.412401047,1.19E+11
0.297494122,1.22E+11
0.56207429,1.22E+11
0.406081181,1.22E+11
0.879790876,1.24E+11
0.832001949,1.24E+11
0.41411105,1.26E+11
0.420252155,1.26E+11
0.222561103,1.27E+11
0.328514216,1.27E+11
0.244838478,1.28E+11
0.667485534,1.28E+11
0.426645981,1.28E+11
0.24681677,1.28E+11
0.395730639,1.29E+11
0.291341471,1.29E+11
0.647197747,1.30E+11
0.572592272,1.30E+11
0.379536106,1.30E+11
0.139524667,1.30E+11
0.358306049,1.31E+11
0.141908589,1.34E+11
0.297982327,1.35E+11
0.47351253,1.35E+11
0.290305256,1.37E+11
0.468401604,1.39E+11
0.954158007,1.40E+11
0.488242009,1.41E+11
0.356928998,1.41E+11
1.2272354,1.42E+11
0.542935874,1.43E+11
0.330328052,1.44E+11
0.290108193,1.46E+11
0.335162528,1.46E+11
0.506568335,1.48E+11
0.628969721,1.48E+11
0.482595929,1.49E+11
0.540102321,1.54E+11
0.693811206,1.54E+11
0.497772394,1.55E+11
0.547209202,1.55E+11
0.254720352,1.56E+11
0.313016401,1.56E+11
0.354437595,1.63E+11
0.570264125,1.63E+11
0.263376815,1.63E+11
0.684013603,1.63E+11
1.872994377,1.64E+11
0.290716217,1.65E+11
0.580871337,1.65E+11
0.261270556,1.66E+11
0.78552185,1.66E+11
0.212316409,1.67E+11
0.48428646,1.68E+11
1.121944194,1.69E+11
0.346796929,1.69E+11
0.283791854,1.70E+11
0.341402932,1.71E+11
0.443824608,1.72E+11
0.309904593,1.72E+11
0.286561229,1.73E+11
0.336337132,1.74E+11
0.39071509,1.75E+11
0.770909761,1.76E+11
0.75553541,1.76E+11
0.280348662,1.82E+11
0.51810978,1.82E+11
1.224754415,1.83E+11
0.448945467,1.83E+11
0.877239078,1.85E+11
0.410860719,1.85E+11
0.356849313,1.88E+11
0.628540823,1.88E+11
0.275025683,1.90E+11
0.216018279,1.90E+11
0.083157305,1.91E+11
0.670026298,1.91E+11
0.414870537,1.91E+11
0.208955693,1.92E+11
0.399170177,1.92E+11
1.085520615,1.92E+11
0.234169036,1.94E+11
0.301887897,1.95E+11
0.871682833,1.95E+11
0.190067108,1.95E+11
0.471224878,1.96E+11
0.760681389,1.97E+11
0.66587862,1.97E+11
0.870711559,1.98E+11
0.104694545,1.98E+11
0.424311403,2.01E+11
0.477715344,2.01E+11
0.59288513,2.01E+11
0.349433682,2.01E+11
0.556216056,2.02E+11
0.463329577,2.02E+11
0.326271446,2.04E+11
0.696278743,2.05E+11
0.217317452,2.06E+11
0.276027693,2.07E+11
0.473870558,2.08E+11
0.275641499,2.08E+11
0.558383386,2.11E+11
0.437869002,2.12E+11
0.615538243,2.13E+11
1.09100843,2.14E+11
0.325724366,2.14E+11
0.438014149,2.15E+11
0.294759771,2.17E+11
0.391385101,2.19E+11
0.717637328,2.20E+11
0.318357731,2.21E+11
0.532974706,2.21E+11
0.22832425,2.21E+11
0.313885675,2.21E+11
0.909822701,2.23E+11
0.808546089,2.23E+11
0.442838499,2.25E+11
0.196321375,2.27E+11
0.501123113,2.27E+11
0.256777653,2.28E+11
0.565369345,2.29E+11
1.07111811,2.30E+11
0.404039751,2.30E+11
0.542451096,2.32E+11
0.79223592,2.32E+11
0.871242606,2.33E+11
0.698260601,2.35E+11
0.6137596,2.36E+11
0.67008576,2.37E+11
0.385194095,2.37E+11
0.463473742,2.39E+11
0.482766274,2.39E+11
0.315835048,2.40E+11
0.353602533,2.41E+11
0.202736912,2.42E+11
0.253065165,2.44E+11
0.490506513,2.45E+11
0.77149252,2.45E+11
0.464300493,2.48E+11
0.485268384,2.50E+11
0.087834156,2.51E+11
0.807564614,2.52E+11
0.276497484,2.52E+11
0.321793347,2.54E+11
0.789212012,2.55E+11
0.484913679,2.56E+11
0.380140345,2.56E+11
0.407292274,2.57E+11
0.730372511,2.57E+11
0.225004475,2.57E+11
0.322061827,2.61E+11
0.450448331,2.62E+11
0.308860862,2.62E+11
0.303910924,2.62E+11
0.341336231,2.62E+11
0.596799464,2.62E+11
0.447517711,2.63E+11
0.355665849,2.63E+11
0.696262215,2.68E+11
0.660313372,2.69E+11
0.927177742,2.71E+11
0.766706386,2.72E+11
0.636414137,2.74E+11
0.738062443,2.75E+11
0.207953012,2.75E+11
0.325771287,2.75E+11
0.713489254,2.76E+11
0.236983307,2.77E+11
0.395555112,2.81E+11
1.156360288,2.82E+11
0.126400333,2.82E+11
0.587566794,2.85E+11
0.50988582,2.85E+11
0.735091648,2.88E+11
0.474381435,2.88E+11
0.398173022,2.88E+11
0.265072236,2.89E+11
0.218554096,2.89E+11
0.570510633,2.89E+11
0.345698034,2.89E+11
0.830269885,2.89E+11
0.221507638,2.89E+11
0.157508543,2.90E+11
0.233651969,2.90E+11
1.016349195,2.91E+11
0.34540116,2.91E+11
0.55795348,2.91E+11
0.208958332,2.97E+11
0.483769998,3.00E+11
0.804304237,3.01E+11
0.337854845,3.01E+11
0.823339271,3.02E+11
0.867443879,3.02E+11
0.645161191,3.03E+11
0.328664727,3.03E+11
0.864872805,3.04E+11
0.405935963,3.05E+11
0.2354752,3.07E+11
0.840679981,3.08E+11
0.197030098,3.10E+11
0.153196979,3.10E+11
0.125962232,3.11E+11
0.317306233,3.12E+11
0.475067675,3.12E+11
0.794882546,3.13E+11
0.437454407,3.13E+11
0.200383696,3.15E+11
0.223320267,3.17E+11
1.087417728,3.18E+11
1.215697614,3.19E+11
0.261049318,3.20E+11
0.487812628,3.24E+11
0.77534459,3.24E+11
0.239919487,3.25E+11
0.860387839,3.25E+11
0.30151055,3.26E+11
0.199147397,3.27E+11
0.361921325,3.29E+11
0.728154217,3.32E+11
0.471603579,3.33E+11
0.334725227,3.33E+11
0.047762508,3.34E+11
0.329186858,3.34E+11
0.464036814,3.37E+11
0.433083926,3.38E+11
0.779628114,3.41E+11
0.184502203,3.43E+11
0.288602792,3.44E+11
1.260214059,3.45E+11
0.256352799,3.47E+11
0.191036694,3.48E+11
0.318062051,3.49E+11
0.327057738,3.50E+11
0.149460656,3.52E+11
0.035908613,3.52E+11
0.360957675,3.53E+11
0.562789987,3.53E+11
0.096130563,3.54E+11
0.415812941,3.56E+11
0.249608955,3.58E+11
0.612209204,3.58E+11
0.674060361,3.60E+11
0.440153067,3.61E+11
0.33662023,3.62E+11
0.32267355,3.62E+11
0.421816234,3.64E+11
0.200980202,3.64E+11
0.89295867,3.67E+11
0.782948566,3.69E+11
0.791822442,3.69E+11
0.332886679,3.70E+11
0.291467537,3.72E+11
1.326148567,3.72E+11
0.132313618,3.75E+11
0.618760636,3.76E+11
0.650836872,3.79E+11
0.621976245,3.79E+11
0.924053918,3.80E+11
0.628305879,3.80E+11
0.359394162,3.80E+11
0.143575681,3.80E+11
0.223557829,3.81E+11
0.242190324,3.84E+11
0.178352043,3.84E+11
0.185310102,3.85E+11
0.252869847,3.86E+11
0.443648922,3.87E+11
0.988280597,3.88E+11
2.597027157,3.89E+11
0.390327977,3.89E+11
0.329531922,3.89E+11
0.383830424,3.90E+11
0.190709643,3.91E+11
0.458734826,3.95E+11
0.570409236,3.96E+11
0.963017702,3.97E+11
0.282011711,4.02E+11
0.478145483,4.02E+11
1.081163527,4.08E+11
0.549497698,4.08E+11
0.57142032,4.08E+11
1.319373385,4.08E+11
1.273945126,4.12E+11
0.294162515,4.13E+11
0.322908567,4.14E+11
0.658013101,4.15E+11
0.752906543,4.18E+11
0.877561237,4.21E+11
0.615033895,4.21E+11
0.212352673,4.23E+11
0.288349244,4.25E+11
0.340854177,4.27E+11
0.910362984,4.28E+11
0.626323942,4.30E+11
0.414383354,4.32E+11
0.263211635,4.33E+11
0.269443321,4.33E+11
0.178756352,4.36E+11
0.233164076,4.37E+11
0.117801551,4.40E+11
0.612132964,4.40E+11
0.233326207,4.40E+11
0.670479963,4.42E+11
0.317314883,4.43E+11
0.893319661,4.44E+11
0.49085673,4.44E+11
0.405336949,4.45E+11
0.258684648,4.46E+11
0.558179222,4.47E+11
0.21477111,4.47E+11
0.782598469,4.47E+11
1.28656438,4.48E+11
0.526643531,4.51E+11
0.866342509,4.54E+11
0.579576736,4.56E+11
0.279767331,4.56E+11
0.428340989,4.56E+11
0.798451567,4.57E+11
0.193404571,4.57E+11
0.301458774,4.58E+11
0.361690596,4.60E+11
0.446226282,4.61E+11
1.138285683,4.61E+11
0.526556139,4.62E+11
0.456511945,4.63E+11
1.019092771,4.63E+11
1.010738953,4.66E+11
0.323434056,4.68E+11
0.633411983,4.68E+11
1.292241447,4.72E+11
0.218711565,4.73E+11
0.996107795,4.73E+11
1.221425959,4.74E+11
0.295699176,4.77E+11
0.935771922,4.77E+11
0.384486784,4.78E+11
0.61730767,4.79E+11
0.154991358,4.80E+11
0.308047947,4.80E+11
0.392478973,4.83E+11
0.039531193,4.86E+11
0.761889236,4.88E+11
0.524270863,4.90E+11
1.018392746,4.90E+11
0.899376721,4.93E+11
0.50173031,4.96E+11
0.306166988,4.96E+11
1.830857453,4.96E+11
0.382375953,4.97E+11
1.360602928,4.98E+11
0.140745806,4.99E+11
1.255468574,4.99E+11
0.255677098,5.01E+11
1.023503699,5.02E+11
0.245757118,5.02E+11
0.442900631,5.03E+11
0.732061265,5.03E+11
0.739098946,5.03E+11
0.654408147,5.03E+11
0.583764997,5.06E+11
0.549553119,5.10E+11
0.612916286,5.14E+11
1.068707691,5.15E+11
0.352464213,5.16E+11
0.257056098,5.18E+11
0.226517635,5.18E+11
0.445822307,5.19E+11
0.409050865,5.19E+11
1.150590428,5.21E+11
0.401625623,5.25E+11
1.179387039,5.29E+11
1.811560611,5.30E+11
0.33421284,5.31E+11
0.275207111,5.31E+11
0.255426484,5.31E+11
1.15527196,5.33E+11
0.306323025,5.34E+11
0.156399367,5.40E+11
0.371924139,5.41E+11
2.058313789,5.41E+11
0.125229558,5.42E+11
0.514671377,5.45E+11
0.651185384,5.45E+11
0.367953256,5.46E+11
1.324921971,5.46E+11
0.928323751,5.50E+11
0.479098585,5.52E+11
0.544001871,5.52E+11
0.196478664,5.55E+11
1.358745313,5.56E+11
0.12483638,5.59E+11
0.392703893,5.61E+11
0.477157518,5.62E+11
0.284697472,5.63E+11
1.077332701,5.66E+11
0.412229959,5.66E+11
0.337320796,5.67E+11
0.189094493,5.68E+11
0.477233119,5.68E+11
0.448635442,5.70E+11
0.224603837,5.74E+11
1.18126923,5.75E+11
0.748448416,5.76E+11
0.25535966,5.78E+11
1.63084631,5.80E+11
0.648116647,5.82E+11
0.685358486,5.83E+11
0.794996675,5.83E+11
0.636584478,5.84E+11
0.327417573,5.85E+11
0.633640298,5.85E+11
0.198451451,5.86E+11
0.104674921,5.86E+11
0.379387162,5.88E+11
1.099651368,5.90E+11
0.450867766,5.95E+11
0.866349285,5.96E+11
0.974700373,5.96E+11
0.580187269,5.97E+11
1.16174311,5.98E+11
0.839394325,6.02E+11
0.666437923,6.08E+11
0.548879819,6.10E+11
0.650434491,6.11E+11
0.586485556,6.11E+11
0.851013803,6.12E+11
0.573196989,6.12E+11
0.507379567,6.13E+11
0.532577741,6.15E+11
0.274556685,6.16E+11
0.364590355,6.18E+11
0.670037418,6.23E+11
0.118771393,6.23E+11
0.74400094,6.25E+11
1.060363544,6.25E+11
0.942950995,6.28E+11
0.402857909,6.28E+11
0.279828697,6.29E+11
0.574697952,6.29E+11
0.587476776,6.30E+11
0.676081894,6.31E+11
1.081843782,6.31E+11
0.396586749,6.34E+11
0.276726137,6.35E+11
0.269414732,6.35E+11
0.600997496,6.35E+11
0.203556698,6.37E+11
0.6409582,6.37E+11
0.419617792,6.38E+11
0.311673518,6.39E+11
0.301489849,6.39E+11
0.35187944,6.40E+11
1.377868496,6.42E+11
0.616270272,6.44E+11
0.203552878,6.44E+11
1.011233535,6.44E+11
0.158042918,6.44E+11
0.640015724,6.46E+11
0.191614063,6.48E+11
0.355654901,6.49E+11
0.43027825,6.49E+11
0.194454482,6.51E+11
0.287431567,6.51E+11
0.382072812,6.51E+11
0.206219981,6.51E+11
0.381319294,6.52E+11
0.266473637,6.53E+11
0.270502039,6.54E+11
0.521472714,6.55E+11
0.454839209,6.56E+11
0.593533613,6.56E+11
0.369426696,6.58E+11
1.175840023,6.58E+11
0.148796488,6.63E+11
0.386003724,6.66E+11
0.284351393,6.67E+11
1.818461193,6.69E+11
0.454650713,6.72E+11
0.763741848,6.73E+11
0.350109573,6.73E+11
0.185397244,6.73E+11
0.528590779,6.74E+11
1.019371557,6.75E+11
0.289688895,6.77E+11
0.283070377,6.79E+11
1.672595681,6.81E+11
1.362889954,6.82E+11
0.77113024,6.83E+11
1.636792452,6.83E+11
0.286757045,6.86E+11
0.596993203,6.87E+11
1.022875141,6.88E+11
0.620448365,6.88E+11
0.253556015,6.89E+11
3.314001501,6.89E+11
0.555824216,6.89E+11
2.55049821,6.90E+11
0.457526574,6.91E+11
0.064686131,6.94E+11
0.675646047,6.94E+11
1.222948521,7.00E+11
0.835797468,7.00E+11
0.394133347,7.00E+11
1.931626743,7.03E+11
0.33341071,7.04E+11
1.214090492,7.05E+11
0.27337243,7.09E+11
0.441209732,7.09E+11
0.569242225,7.10E+11
0.179484754,7.10E+11
0.782886977,7.12E+11
0.237790138,7.13E+11
0.814215242,7.13E+11
1.004592529,7.14E+11
0.573745359,7.17E+11
0.733744439,7.18E+11
0.419334966,7.22E+11
1.8894355,7.23E+11
1.856569717,7.24E+11
0.459605364,7.26E+11
1.087749188,7.26E+11
0.865606225,7.26E+11
0.39596917,7.27E+11
1.516530965,7.27E+11
0.345581898,7.27E+11
0.874264572,7.29E+11
0.239317178,7.31E+11
2.497011696,7.33E+11
0.143158259,7.33E+11
0.707867606,7.33E+11
0.256843798,7.33E+11
0.538340543,7.36E+11
0.061696123,7.37E+11
0.694053479,7.39E+11
0.537143086,7.40E+11
0.255496327,7.41E+11
1.241964599,7.41E+11
0.121116349,7.42E+11
0.342776797,7.43E+11
0.74163952,7.44E+11
0.306410837,7.48E+11
1.385603623,7.51E+11
0.280905302,7.52E+11
1.657656458,7.54E+11
1.058833044,7.55E+11
0.507945195,7.55E+11
0.750808122,7.55E+11
0.630512647,7.56E+11
0.067266846,7.57E+11
1.045632445,7.57E+11
0.625033913,7.59E+11
0.101435746,7.61E+11
1.015257392,7.63E+11
0.267275008,7.65E+11
0.943871298,7.68E+11
0.615520458,7.68E+11
0.66830921,7.68E+11
0.301310775,7.72E+11
1.281719024,7.73E+11
0.214836351,7.75E+11
1.242508309,7.75E+11
0.346522567,7.76E+11
0.354236508,7.76E+11
1.29969345,7.79E+11
0.101439066,7.80E+11
0.291489461,7.80E+11
0.45724503,7.81E+11
0.362051963,7.82E+11
0.915803497,7.83E+11
0.770374846,7.85E+11
0.621733994,7.85E+11
0.374919985,7.88E+11
1.066371072,7.88E+11
0.768498945,7.91E+11
0.348124046,7.92E+11
0.349928508,7.92E+11
0.134409004,7.93E+11
1.221019982,7.94E+11
0.70906407,7.99E+11
0.578363439,7.99E+11
0.357806775,8.02E+11
0.370483417,8.02E+11
0.421118114,8.05E+11
0.145346823,8.08E+11
0.232976433,8.10E+11
0.61252374,8.12E+11
0.75496337,8.13E+11
1.464664549,8.15E+11
0.680983832,8.15E+11
0.430366558,8.15E+11
0.343402158,8.16E+11
0.292407702,8.17E+11
0.51452307,8.17E+11
1.616231495,8.19E+11
0.25783194,8.21E+11
1.045406856,8.22E+11
0.9039132,8.25E+11
0.201062574,8.25E+11
1.235757453,8.27E+11
0.298313497,8.28E+11
0.952708903,8.30E+11
0.848932751,8.34E+11
1.578792889,8.34E+11
0.288219159,8.34E+11
1.241421391,8.35E+11
0.27025444,8.35E+11
0.947255811,8.36E+11
0.7789494,8.36E+11
0.156384122,8.39E+11
1.056844219,8.39E+11
0.387689698,8.41E+11
0.939165479,8.41E+11
0.798692542,8.41E+11
0.444645107,8.42E+11
0.559084099,8.42E+11
1.240699039,8.47E+11
0.375463379,8.48E+11
1.245855596,8.49E+11
1.480743824,8.51E+11
0.518937987,8.54E+11
0.387664087,8.54E+11
1.602227974,8.56E+11
0.339038449,8.58E+11
0.89126454,8.60E+11
0.529121257,8.61E+11
1.014684793,8.62E+11
0.533501886,8.63E+11
0.472995436,8.65E+11
1.004958318,8.66E+11
0.522618386,8.68E+11
0.821035081,8.68E+11
0.757118871,8.69E+11
2.046837629,8.69E+11
0.617574685,8.70E+11
0.677683912,8.72E+11
0.658557614,8.76E+11
0.283641331,8.76E+11
0.344018308,8.77E+11
0.291020787,8.78E+11
0.630550141,8.80E+11
0.620217115,8.81E+11
0.55784066,8.83E+11
1.172763402,8.83E+11
0.218252913,8.84E+11
0.315196062,8.86E+11
0.628902546,8.91E+11
1.421653784,8.91E+11
1.10872485,8.93E+11
0.085284251,8.95E+11
0.594499816,8.98E+11
0.502802783,8.99E+11
0.39535286,9.01E+11
1.557917248,9.01E+11
0.387016921,9.01E+11
0.451472853,9.01E+11
0.075658988,9.01E+11
1.373815121,9.03E+11
0.507356003,9.04E+11
0.663329049,9.05E+11
1.211785095,9.05E+11
0.291930632,9.07E+11
0.533917296,9.09E+11
0.340729436,9.10E+11
0.127500777,9.10E+11
0.50856108,9.10E+11
0.08892176,9.14E+11
0.355725187,9.14E+11
1.343361488,9.18E+11
0.661992094,9.21E+11
0.846792846,9.22E+11
0.841157774,9.22E+11
0.284054345,9.23E+11
0.307177663,9.24E+11
0.545252742,9.27E+11
0.510368133,9.28E+11
0.938014228,9.30E+11
1.396598546,9.32E+11
0.305037319,9.33E+11
0.768184557,9.33E+11
0.86794888,9.36E+11
0.860332116,9.36E+11
1.334557231,9.36E+11
1.864331867,9.36E+11
0.759777464,9.38E+11
1.039076476,9.40E+11
0.537623733,9.41E+11
0.342722792,9.44E+11
0.452867354,9.45E+11
1.124835743,9.48E+11
1.392715464,9.48E+11
0.128694148,9.50E+11
0.374195893,9.52E+11
0.426466241,9.53E+11
0.512242093,9.55E+11
0.756899382,9.55E+11
0.487913592,9.56E+11
0.311812765,9.57E+11
0.868735115,9.57E+11
0.724513749,9.58E+11
1.014219485,9.58E+11
1.478721356,9.61E+11
0.340502709,9.61E+11
0.905393888,9.61E+11
1.515695993,9.63E+11
0.530660512,9.64E+11
0.068730406,9.64E+11
0.307942905,9.71E+11
0.306367863,9.73E+11
0.73418486,9.75E+11
0.730133707,9.76E+11
1.839944315,9.79E+11
0.372619055,9.79E+11
1.149498918,9.82E+11
0.182491659,9.83E+11
0.370882999,9.83E+11
1.603983555,9.84E+11
0.14047991,9.85E+11
0.476622836,9.87E+11
0.536595823,9.87E+11
0.868804249,9.90E+11
0.307682865,9.90E+11
0.742352395,9.91E+11
0.452800508,9.93E+11
1.096806003,9.99E+11
0.192601233,9.99E+11
0.535504398,1.00E+12
0.503015006,1.00E+12
0.491865489,1.00E+12
1.883479658,1.01E+12
0.063192942,1.01E+12
0.963348323,1.01E+12
0.935557045,1.01E+12
0.074669921,1.01E+12
0.512211401,1.01E+12
1.799272492,1.01E+12
0.18933499,1.01E+12
0.443054561,1.01E+12
0.478230933,1.02E+12
0.529156398,1.02E+12
0.44785706,1.02E+12
2.504517818,1.02E+12
0.312314406,1.02E+12
0.512110723,1.02E+12
0.101633196,1.03E+12
1.319759042,1.03E+12
2.355278193,1.03E+12
0.613570704,1.03E+12
0.394835784,1.03E+12
0.617036696,1.03E+12
0.318817259,1.03E+12
0.281842407,1.03E+12
1.286014595,1.04E+12
0.538431789,1.04E+12
1.037931051,1.04E+12
1.783864988,1.04E+12
1.388137129,1.04E+12
0.299071778,1.04E+12
0.832741613,1.05E+12
0.270329463,1.05E+12
1.095452158,1.05E+12
0.216476203,1.05E+12
1.262471312,1.05E+12
0.865970963,1.05E+12
0.876044287,1.05E+12
0.072051633,1.05E+12
0.682265176,1.06E+12
1.247666174,1.06E+12
0.349590991,1.06E+12
0.504604608,1.06E+12
1.618338921,1.06E+12
1.431066414,1.06E+12
0.815181103,1.06E+12
0.530075207,1.07E+12
0.581016708,1.07E+12
1.05814817,1.07E+12
0.84210384,1.08E+12
0.210648412,1.08E+12
0.268217403,1.08E+12
0.197107608,1.09E+12
0.558252726,1.09E+12
0.084201683,1.09E+12
0.629631536,1.09E+12
0.635055976,1.09E+12
0.803050265,1.09E+12
0.554261604,1.09E+12
0.670485662,1.09E+12
0.905137354,1.09E+12
0.720612361,1.10E+12
0.570290463,1.10E+12
0.2433922,1.10E+12
1.366682059,1.10E+12
0.186148858,1.10E+12
0.887324641,1.10E+12
0.851078949,1.10E+12
1.334449858,1.10E+12
2.303299082,1.10E+12
0.031181601,1.11E+12
0.430464124,1.11E+12
1.61566378,1.11E+12
0.777500907,1.12E+12
1.409065241,1.12E+12
0.425897254,1.12E+12
0.298987427,1.13E+12
0.461712677,1.13E+12
0.751261115,1.13E+12
0.295580482,1.14E+12
0.753047989,1.14E+12
0.439995272,1.14E+12
1.030002112,1.14E+12
0.747187668,1.15E+12
0.200128588,1.15E+12
1.386368075,1.16E+12
0.506058414,1.16E+12
0.278956721,1.16E+12
0.114367932,1.16E+12
1.382449103,1.17E+12
0.25936286,1.17E+12
1.421124345,1.17E+12
0.35214238,1.17E+12
1.424568215,1.17E+12
0.393521638,1.18E+12
0.396728235,1.19E+12
1.703945706,1.19E+12
0.46420801,1.19E+12
0.496077113,1.19E+12
0.804341079,1.19E+12
1.735898235,1.19E+12
0.659794142,1.19E+12
0.330354089,1.19E+12
0.346908958,1.20E+12
1.683506689,1.20E+12
0.217642691,1.20E+12
0.194630983,1.20E+12
1.66117674,1.21E+12
0.271434052,1.21E+12
0.916937523,1.21E+12
1.293099942,1.21E+12
0.322231179,1.21E+12
0.959447932,1.21E+12
0.7145197,1.22E+12
2.038673825,1.22E+12
0.36673406,1.22E+12
0.923833711,1.22E+12
0.544549207,1.22E+12
1.996899014,1.22E+12
0.769583527,1.23E+12
0.091403231,1.23E+12
0.535783131,1.23E+12
0.117563794,1.23E+12
0.525074239,1.23E+12
0.924944823,1.23E+12
1.905808706,1.23E+12
0.643998664,1.23E+12
0.431887085,1.23E+12
1.609019996,1.23E+12
0.538468822,1.23E+12
0.422447189,1.24E+12
1.444653102,1.24E+12
0.318400873,1.25E+12
0.340527647,1.25E+12
0.306068645,1.25E+12
1.442349479,1.26E+12
0.477990867,1.26E+12
0.492344207,1.26E+12
0.341212812,1.26E+12
0.435759033,1.26E+12
1.67810633,1.26E+12
0.723598503,1.26E+12
1.083513514,1.26E+12
0.6323358,1.27E+12
0.472036662,1.27E+12
0.325883016,1.27E+12
1.133076124,1.27E+12
0.503458815,1.27E+12
0.400522048,1.27E+12
1.306197812,1.27E+12
0.791525716,1.27E+12
0.831155727,1.27E+12
0.314355396,1.27E+12
0.90506682,1.27E+12
0.331585599,1.28E+12
0.532698803,1.28E+12
0.050051946,1.28E+12
0.41687377,1.28E+12
1.95685759,1.28E+12
0.827097371,1.28E+12
0.972428851,1.28E+12
1.181463383,1.28E+12
0.479163971,1.29E+12
2.161258927,1.29E+12
0.962508557,1.29E+12
0.106754593,1.29E+12
1.118590689,1.29E+12
1.2728416,1.29E+12
1.004037457,1.29E+12
0.202721938,1.29E+12
0.44954815,1.29E+12
1.048132105,1.29E+12
0.529196918,1.29E+12
0.14324647,1.29E+12
0.669872387,1.30E+12
0.547199236,1.31E+12
2.437432496,1.31E+12
0.881438431,1.31E+12
0.931733093,1.31E+12
0.393898815,1.32E+12
0.698352864,1.32E+12
0.744976402,1.32E+12
0.307132976,1.32E+12
2.090248077,1.33E+12
0.2813713,1.33E+12
0.32036637,1.34E+12
0.388480921,1.34E+12
0.286646197,1.34E+12
0.432866134,1.34E+12
0.586287401,1.34E+12
1.116097163,1.35E+12
1.347402161,1.35E+12
0.399183352,1.35E+12
0.302449584,1.35E+12
0.196626814,1.35E+12
1.387584446,1.36E+12
0.342825398,1.36E+12
0.644301096,1.36E+12
1.33730216,1.36E+12
1.848918804,1.37E+12
0.965170999,1.37E+12
4.237010216,1.37E+12
0.170933993,1.37E+12
2.559356631,1.37E+12
0.483310511,1.37E+12
0.890533958,1.37E+12
0.81627308,1.37E+12
0.404919644,1.37E+12
0.20763572,1.37E+12
1.93975818,1.37E+12
0.886612497,1.38E+12
0.448723249,1.38E+12
0.7819337,1.38E+12
0.445944557,1.38E+12
0.25977666,1.39E+12
1.351236299,1.39E+12
0.731462723,1.39E+12
1.312218438,1.39E+12
3.032071956,1.40E+12
0.579416438,1.40E+12
0.378622066,1.40E+12
1.346012185,1.40E+12
1.368880909,1.41E+12
0.2976922,1.41E+12
0.362492078,1.41E+12
1.52154517,1.41E+12
0.585319038,1.41E+12
0.632235329,1.41E+12
0.64318126,1.42E+12
0.240153263,1.42E+12
0.619198181,1.43E+12
0.975409891,1.43E+12
0.515000656,1.43E+12
0.389869101,1.43E+12
0.561778329,1.44E+12
0.230193614,1.44E+12
0.064961852,1.45E+12
0.786468024,1.45E+12
0.1931054,1.45E+12
0.772678043,1.45E+12
0.801693097,1.45E+12
0.544799525,1.46E+12
0.397589683,1.46E+12
0.592136029,1.47E+12
1.018452868,1.47E+12
0.215507334,1.47E+12
0.874485882,1.47E+12
0.558888678,1.47E+12
0.082746886,1.47E+12
2.623858562,1.47E+12
1.438368602,1.47E+12
0.368246454,1.47E+12
0.374261575,1.48E+12
0.358738411,1.48E+12
0.1399345,1.48E+12
0.785440757,1.49E+12
0.571399861,1.49E+12
0.428978926,1.50E+12
2.517945021,1.51E+12
0.518757785,1.51E+12
0.61233065,1.51E+12
1.191023997,1.51E+12
0.6402295,1.51E+12
0.731505473,1.52E+12
0.955672136,1.52E+12
1.789829466,1.53E+12
0.4129852,1.53E+12
1.335387791,1.53E+12
0.902315629,1.53E+12
1.546938117,1.53E+12
0.20051133,1.54E+12
0.820484204,1.54E+12
0.571646944,1.54E+12
0.457681471,1.54E+12
0.352933479,1.54E+12
0.778313193,1.55E+12
0.687081857,1.55E+12
1.234893494,1.56E+12
0.599245036,1.56E+12
0.355856263,1.56E+12
1.193439199,1.56E+12
0.931089085,1.56E+12
1.362817392,1.56E+12
0.953181685,1.56E+12
0.502923871,1.56E+12
1.279193194,1.56E+12
0.741761952,1.56E+12
1.333964994,1.56E+12
1.75531108,1.57E+12
0.754470427,1.57E+12
2.483803693,1.58E+12
0.602738078,1.58E+12
0.397584746,1.58E+12
0.349951178,1.58E+12
0.851890277,1.58E+12
0.376386292,1.59E+12
2.77346077,1.59E+12
0.792670107,1.59E+12
1.652861853,1.59E+12
0.255699268,1.59E+12
0.518721435,1.59E+12
1.206404288,1.59E+12
2.161308495,1.60E+12
1.257787625,1.60E+12
1.360737688,1.60E+12
0.376569566,1.61E+12
1.296850239,1.61E+12
0.719454779,1.61E+12
0.322882432,1.61E+12
1.874268518,1.61E+12
1.366449647,1.61E+12
0.680574832,1.62E+12
0.236173192,1.62E+12
0.364912242,1.62E+12
0.841864519,1.62E+12
0.237099442,1.63E+12
1.238129544,1.63E+12
0.279729147,1.63E+12
0.65797363,1.64E+12
0.527465874,1.64E+12
0.233540625,1.64E+12
1.505874552,1.64E+12
0.671613829,1.64E+12
1.074078174,1.64E+12
0.751623618,1.65E+12
0.574400268,1.65E+12
0.852047484,1.65E+12
1.096439972,1.65E+12
0.467894113,1.65E+12
0.702413629,1.66E+12
0.325415322,1.66E+12
0.436506697,1.67E+12
0.708954186,1.69E+12
0.166762292,1.69E+12
0.77136654,1.69E+12
0.551058591,1.69E+12
0.760031968,1.69E+12
0.618715084,1.69E+12
0.473026471,1.70E+12
1.33230972,1.70E+12
1.465655771,1.70E+12
1.217094296,1.71E+12
1.206801436,1.71E+12
2.184001347,1.71E+12
0.793902802,1.71E+12
1.358726763,1.71E+12
0.087545204,1.72E+12
0.543008579,1.72E+12
0.627715518,1.72E+12
0.457535874,1.72E+12
0.163245786,1.72E+12
1.220470005,1.72E+12
0.272450631,1.73E+12
0.756891934,1.73E+12
0.394945791,1.73E+12
0.692113247,1.73E+12
0.882778266,1.73E+12
1.781927762,1.73E+12
0.144073155,1.73E+12
0.515167051,1.73E+12
0.099660833,1.74E+12
0.467616323,1.74E+12
0.973393692,1.74E+12
0.612558241,1.74E+12
1.223777454,1.74E+12
0.729305838,1.74E+12
0.288601695,1.75E+12
0.364705576,1.75E+12
1.036067273,1.75E+12
0.238777818,1.75E+12
0.862117739,1.76E+12
1.279057595,1.76E+12
1.78561124,1.76E+12
0.078218549,1.77E+12
0.370141128,1.77E+12
0.529115851,1.77E+12
0.234105791,1.77E+12
0.921490674,1.77E+12
1.524672106,1.77E+12
1.804694946,1.79E+12
1.69265634,1.79E+12
0.95761663,1.79E+12
0.548939223,1.80E+12
0.434811386,1.80E+12
0.236170877,1.80E+12
0.866926671,1.80E+12
0.589195503,1.80E+12
1.202851754,1.80E+12
0.648040054,1.81E+12
1.118225345,1.82E+12
2.461051995,1.82E+12
1.432704197,1.82E+12
0.320422712,1.83E+12
0.16249871,1.83E+12
0.887718643,1.83E+12
2.107263371,1.83E+12
0.594576165,1.84E+12
1.27644582,1.84E+12
0.154087174,1.84E+12
1.160592538,1.84E+12
0.258911997,1.84E+12
0.198335136,1.85E+12
0.825935803,1.85E+12
0.332205672,1.85E+12
0.822248731,1.86E+12
1.297836838,1.86E+12
0.405769488,1.87E+12
0.165906978,1.87E+12
0.618357697,1.87E+12
0.642742751,1.88E+12
0.228564098,1.88E+12
0.465364646,1.88E+12
0.659432051,1.88E+12
0.435193852,1.88E+12
0.745828032,1.88E+12
0.618182591,1.88E+12
0.927772239,1.90E+12
0.557463612,1.90E+12
3.406538671,1.90E+12
0.638565482,1.91E+12
1.081908474,1.91E+12
1.257181104,1.91E+12
2.08134346,1.91E+12
0.739501327,1.92E+12
0.180591501,1.92E+12
0.594575264,1.92E+12
0.682418627,1.92E+12
0.344642757,1.92E+12
0.778164353,1.92E+12
1.138402713,1.92E+12
2.650438733,1.93E+12
0.7639335,1.93E+12
2.09944017,1.93E+12
1.925871773,1.94E+12
0.933971582,1.94E+12
0.739681923,1.95E+12
0.512547818,1.95E+12
2.391396795,1.96E+12
1.218353596,1.96E+12
0.245974769,1.97E+12
0.59807593,1.97E+12
1.097705705,1.98E+12
0.93969004,1.99E+12
0.991026616,1.99E+12
0.564759389,2.00E+12
2.040531574,2.00E+12
2.477567874,2.00E+12
0.164949668,2.00E+12
0.367432451,2.00E+12
0.641097851,2.00E+12
0.96733837,2.00E+12
0.464699749,2.03E+12
0.616979044,2.03E+12
0.52093968,2.03E+12
0.051623574,2.03E+12
1.25308459,2.04E+12
0.288346763,2.04E+12
0.844080666,2.04E+12
0.928107508,2.04E+12
1.078953318,2.04E+12
0.163695236,2.04E+12
1.436309536,2.04E+12
0.653053971,2.05E+12
1.465071375,2.05E+12
0.926275905,2.06E+12
1.65643976,2.06E+12
0.640233748,2.06E+12
0.921459731,2.06E+12
1.757205869,2.07E+12
1.787036805,2.07E+12
0.583550377,2.07E+12
0.04857878,2.07E+12
0.517443204,2.08E+12
2.074377078,2.08E+12
8.509827491,2.08E+12
0.655220596,2.11E+12
0.096294208,2.11E+12
0.139760065,2.11E+12
1.187913066,2.13E+12
0.590472788,2.13E+12
0.505956739,2.13E+12
0.861379643,2.14E+12
1.466820306,2.16E+12
0.562557636,2.16E+12
0.263344726,2.16E+12
1.575886338,2.16E+12
1.214440512,2.17E+12
1.389604688,2.17E+12
0.586986163,2.17E+12
1.309108787,2.17E+12
2.110974118,2.18E+12
1.576924633,2.18E+12
2.043082458,2.18E+12
1.788490453,2.18E+12
2.74664729,2.19E+12
0.895285284,2.19E+12
0.844108575,2.20E+12
1.146594847,2.21E+12
0.390739364,2.22E+12
1.013608747,2.22E+12
0.609873649,2.22E+12
0.849235685,2.23E+12
0.397857447,2.23E+12
0.548227104,2.23E+12
0.56900709,2.23E+12
0.43437288,2.23E+12
0.080118133,2.23E+12
0.688541512,2.24E+12
0.837365302,2.24E+12
0.491141556,2.24E+12
0.655450239,2.24E+12
0.827838086,2.25E+12
0.609607142,2.26E+12
1.423101838,2.26E+12
2.306641554,2.27E+12
0.460974128,2.27E+12
0.080906689,2.27E+12
1.184998934,2.28E+12
0.890594496,2.28E+12
0.337593698,2.28E+12
1.901967399,2.28E+12
0.717311174,2.28E+12
0.293928189,2.29E+12
1.245914634,2.29E+12
0.246327587,2.29E+12
1.542704449,2.29E+12
0.563294925,2.30E+12
1.165741387,2.30E+12
0.673503317,2.31E+12
0.817329808,2.31E+12
1.442447521,2.31E+12
1.525265634,2.32E+12
0.541404374,2.33E+12
0.430872156,2.33E+12
0.476734842,2.33E+12
0.840738545,2.34E+12
0.551133777,2.34E+12
0.227387489,2.34E+12
1.703739138,2.35E+12
0.525049143,2.35E+12
0.619453557,2.36E+12
1.526085076,2.37E+12
1.498637437,2.37E+12
0.989831207,2.37E+12
0.196543155,2.38E+12
0.933265581,2.38E+12
0.486750799,2.38E+12
1.749551746,2.40E+12
1.016948362,2.40E+12
1.567994018,2.41E+12
0.068179877,2.41E+12
0.78231336,2.41E+12
1.59474555,2.42E+12
1.840003541,2.43E+12
0.981902118,2.43E+12
1.657428783,2.43E+12
0.541752114,2.44E+12
1.373654387,2.44E+12
1.320490414,2.45E+12
0.430627099,2.46E+12
0.671964199,2.46E+12
0.617107206,2.46E+12
0.634354347,2.46E+12
0.2755776,2.46E+12
0.48345888,2.47E+12
0.843980397,2.48E+12
0.375296924,2.48E+12
0.940961617,2.48E+12
0.690576358,2.48E+12
1.807068678,2.49E+12
0.098813976,2.49E+12
0.957463935,2.49E+12
1.266790124,2.49E+12
2.347486053,2.49E+12
0.644354056,2.50E+12
0.967846213,2.50E+12
0.380869799,2.50E+12
0.404547474,2.51E+12
0.701614949,2.52E+12
1.202893463,2.52E+12
2.072152992,2.53E+12
2.261364513,2.54E+12
1.984597367,2.54E+12
2.717934136,2.54E+12
0.505097149,2.54E+12
0.374046786,2.54E+12
0.475392527,2.54E+12
0.279186875,2.55E+12
1.121561892,2.55E+12
1.528124106,2.56E+12
1.358307011,2.56E+12
0.865235334,2.56E+12
1.494090615,2.57E+12
0.656299231,2.57E+12
2.16567935,2.57E+12
0.409349486,2.57E+12
0.166633924,2.58E+12
1.577286151,2.58E+12
0.933161075,2.58E+12
0.644255065,2.59E+12
0.481118852,2.59E+12
2.780079198,2.59E+12
0.500254454,2.60E+12
0.797478075,2.60E+12
0.813690303,2.60E+12
0.682542497,2.60E+12
0.562710736,2.61E+12
1.44477321,2.62E+12
0.36367633,2.62E+12
0.3070717,2.63E+12
0.770620171,2.63E+12
0.580839886,2.65E+12
0.948236974,2.65E+12
0.880330482,2.65E+12
2.123505704,2.68E+12
0.413700121,2.68E+12
0.280423859,2.69E+12
1.05422825,2.69E+12
0.554756465,2.69E+12
0.166115573,2.69E+12
0.974724731,2.70E+12
1.396401078,2.70E+12
0.374117028,2.71E+12
0.528352163,2.71E+12
1.213381227,2.73E+12
1.625405472,2.74E+12
1.349184472,2.76E+12
0.528336409,2.76E+12
0.943157883,2.77E+12
1.254051631,2.77E+12
1.300513146,2.77E+12
0.672480607,2.77E+12
0.237383082,2.78E+12
0.32677421,2.79E+12
0.28840942,2.79E+12
1.643622185,2.79E+12
0.101486794,2.80E+12
0.524150885,2.80E+12
0.460339492,2.81E+12
0.712794037,2.81E+12
0.575072383,2.83E+12
1.170859077,2.84E+12
0.2353032,2.84E+12
1.234853628,2.85E+12
0.559071333,2.85E+12
1.267535703,2.86E+12
0.222949273,2.86E+12
0.923390559,2.86E+12
0.139881678,2.87E+12
0.627980684,2.87E+12
1.664500786,2.87E+12
0.566734157,2.88E+12
0.052152855,2.88E+12
0.859368467,2.91E+12
2.218602647,2.91E+12
0.144469765,2.92E+12
2.280597196,2.93E+12
0.791232253,2.93E+12
1.527042271,2.94E+12
0.507722322,2.95E+12
0.346287437,2.97E+12
0.609961754,2.97E+12
1.273768292,2.98E+12
0.107386458,2.98E+12
3.241028503,2.99E+12
0.280677974,2.99E+12
0.810717729,2.99E+12
0.457501818,3.00E+12
1.077924343,3.00E+12
1.244418596,3.01E+12
0.630983058,3.01E+12
1.046117157,3.02E+12
0.78318549,3.04E+12
1.565601148,3.05E+12
2.642223439,3.05E+12
0.154027428,3.06E+12
0.455059775,3.06E+12
0.350963229,3.06E+12
2.191986896,3.07E+12
1.74830108,3.08E+12
0.106632746,3.08E+12
0.567080222,3.09E+12
0.536413666,3.09E+12
0.069356847,3.10E+12
1.198630275,3.10E+12
1.911428023,3.11E+12
2.191497968,3.11E+12
0.182135803,3.12E+12
0.102459246,3.12E+12
0.608205315,3.12E+12
0.435060255,3.13E+12
0.206648509,3.14E+12
0.746577356,3.14E+12
0.510160345,3.15E+12
2.202325077,3.15E+12
2.499468267,3.16E+12
1.272260375,3.16E+12
0.529440988,3.17E+12
0.103740952,3.19E+12
1.679164229,3.20E+12
0.529913192,3.20E+12
0.827776462,3.21E+12
1.796249701,3.24E+12
2.09313631,3.24E+12
1.91513067,3.25E+12
0.994680687,3.26E+12
0.957991165,3.27E+12
2.330262821,3.27E+12
0.579822815,3.27E+12
0.278481055,3.28E+12
3.059509602,3.29E+12
1.225781996,3.29E+12
0.418968843,3.34E+12
1.954429635,3.36E+12
1.54681894,3.37E+12
0.089328385,3.38E+12
1.347899473,3.38E+12
1.779225575,3.40E+12
0.630313713,3.41E+12
1.633565179,3.41E+12
1.534008142,3.42E+12
0.526682242,3.44E+12
0.213074654,3.45E+12
0.692551578,3.46E+12
0.336554652,3.47E+12
0.645302469,3.47E+12
0.585761208,3.48E+12
1.048704887,3.48E+12
0.139460211,3.48E+12
0.945224316,3.48E+12
0.204068115,3.48E+12
0.123670658,3.49E+12
1.124481089,3.49E+12
1.441741593,3.49E+12
0.217094,3.50E+12
0.674531909,3.50E+12
0.663321098,3.50E+12
1.043361629,3.50E+12
2.034989479,3.51E+12
2.304878838,3.51E+12
1.963531984,3.53E+12
0.627285366,3.54E+12
0.305830098,3.56E+12
3.253210838,3.57E+12
0.06188365,3.58E+12
0.333242851,3.60E+12
0.065715928,3.61E+12
2.675682265,3.61E+12
3.95385296,3.62E+12
0.575971412,3.63E+12
1.073566584,3.66E+12
0.819990037,3.66E+12
0.35715482,3.67E+12
0.74965895,3.69E+12
0.397881894,3.70E+12
0.957750945,3.71E+12
1.538426726,3.73E+12
0.427761842,3.75E+12
0.87704381,3.75E+12
2.76419487,3.76E+12
1.205303285,3.77E+12
1.908494491,3.78E+12
0.899217799,3.78E+12
0.033392412,3.79E+12
0.837148196,3.79E+12
0.842789632,3.80E+12
1.084019944,3.80E+12
0.475874115,3.81E+12
0.278137287,3.83E+12
0.549160534,3.83E+12
2.215801739,3.83E+12
0.819911496,3.85E+12
1.637129007,3.85E+12
0.570313412,3.86E+12
1.092348153,3.88E+12
0.668407829,3.88E+12
1.231304777,3.92E+12
1.216804658,3.92E+12
0.975724966,3.94E+12
0.664367488,3.94E+12
0.542155481,3.94E+12
0.544670547,3.96E+12
0.845347575,3.96E+12
0.944783887,3.97E+12
1.301908114,3.98E+12
1.032471199,3.98E+12
0.198435733,3.98E+12
5.094083028,3.98E+12
1.046809877,3.99E+12
0.755992761,3.99E+12
2.857941001,4.00E+12
3.4532,4.00E+12
0.918410326,4.01E+12
2.256488427,4.03E+12
0.691251418,4.04E+12
0.124924207,4.04E+12
2.872773651,4.06E+12
0.430990981,4.08E+12
1.011694218,4.09E+12
0.761194082,4.10E+12
0.854481664,4.11E+12
1.279402354,4.12E+12
2.712422838,4.12E+12
1.283659843,4.14E+12
0.415823055,4.14E+12
1.081328247,4.16E+12
1.978847432,4.16E+12
1.893748694,4.18E+12
3.465037783,4.18E+12
1.238989577,4.19E+12
0.288456512,4.29E+12
0.13366692,4.29E+12
2.154307061,4.30E+12
1.072967894,4.33E+12
0.859192035,4.34E+12
1.478480373,4.38E+12
0.614756694,4.42E+12
0.318941483,4.45E+12
0.386625017,4.48E+12
0.377118563,4.48E+12
0.957242442,4.48E+12
0.334959966,4.52E+12
3.914657916,4.54E+12
2.115171149,4.55E+12
0.885240281,4.57E+12
0.472834279,4.61E+12
2.988192686,4.63E+12
0.384891195,4.66E+12
0.404980301,4.67E+12
0.22610711,4.67E+12
0.71750809,4.69E+12
1.961572304,4.69E+12
2.843850385,4.72E+12
0.517404835,4.72E+12
0.295837553,4.77E+12
1.066060871,4.81E+12
2.760227945,4.82E+12
2.232969028,4.82E+12
0.491384122,4.84E+12
1.205374441,4.85E+12
1.219593883,4.88E+12
0.178431524,4.89E+12
3.449384953,4.93E+12
1.59241948,4.93E+12
0.050569703,4.98E+12
0.668105151,4.99E+12
0.405043322,4.99E+12
2.283093351,5.05E+12
1.204643889,5.05E+12
1.747293489,5.06E+12
2.618918467,5.11E+12
0.788353567,5.12E+12
1.221707692,5.14E+12
1.934478067,5.16E+12
0.231603329,5.17E+12
0.850664943,5.18E+12
0.74629521,5.21E+12
1.044312702,5.22E+12
0.973458035,5.24E+12
3.467301517,5.25E+12
2.454609159,5.29E+12
0.744295419,5.32E+12
0.557018758,5.33E+12
0.251658714,5.40E+12
0.686704444,5.41E+12
2.18274599,5.41E+12
0.768672273,5.42E+12
0.419102265,5.44E+12
1.223352308,5.47E+12
0.800132073,5.48E+12
2.027524389,5.48E+12
4.630188062,5.50E+12
4.878838526,5.50E+12
1.025830893,5.51E+12
0.861067407,5.53E+12
0.512979909,5.53E+12
0.287800022,5.55E+12
0.725732155,5.59E+12
2.764209421,5.60E+12
0.597792237,5.63E+12
0.315224971,5.64E+12
1.004512553,5.67E+12
0.912914196,5.70E+12
0.808127417,5.73E+12
0.763914831,5.78E+12
2.642198513,5.83E+12
1.289378778,5.88E+12
2.948389604,5.94E+12
0.237161293,6.07E+12
0.92247473,6.10E+12
0.443398022,6.10E+12
4.392158713,6.14E+12
2.129665364,6.18E+12
0.663829648,6.19E+12
0.441995131,6.29E+12
3.687219048,6.31E+12
3.559937232,6.36E+12
2.512262812,6.36E+12
0.769005855,6.43E+12
0.880819625,6.45E+12
0.647292718,6.51E+12
6.597562623,6.54E+12
0.546824158,6.56E+12
2.407622311,6.64E+12
2.864337736,6.67E+12
1.8933527,6.68E+12
6.193004085,6.69E+12
2.951938334,6.69E+12
0.380830777,6.72E+12
5.639047079,6.78E+12
1.249923537,6.82E+12
2.41758227,6.87E+12
2.791025178,6.90E+12
0.41582709,6.93E+12
2.062386258,6.97E+12
0.193339746,7.08E+12
0.184528095,7.10E+12
0.240952642,7.14E+12
1.166449004,7.15E+12
1.238305344,7.16E+12
5.013398001,7.21E+12
0.953384188,7.25E+12
2.84338881,7.35E+12
1.565217964,7.37E+12
0.240523865,7.42E+12
0.710830079,7.48E+12
0.26743961,7.55E+12
1.101554693,7.60E+12
0.481789349,7.74E+12
2.279661059,7.74E+12
2.919396987,7.80E+12
0.166108328,7.83E+12
0.86422736,7.85E+12
3.42846631,7.98E+12
0.45043237,8.00E+12
3.904506361,8.06E+12
5.763777003,8.29E+12
1.451319471,8.29E+12
1.846534202,8.31E+12
1.876018524,8.38E+12
3.270241803,8.57E+12
4.137538524,8.62E+12
7.707183007,8.66E+12
0.69676051,8.66E+12
1.436582629,8.70E+12
2.133591214,9.07E+12
0.947558409,9.47E+12
4.758575568,9.51E+12
0.453394165,9.52E+12
3.088255793,9.67E+12
0.950288537,9.74E+12
1.207567765,9.81E+12
0.28562462,9.88E+12
0.956548549,9.88E+12
0.495369868,9.91E+12
4.308189599,1.01E+13
0.135476854,1.02E+13
0.445748931,1.03E+13
0.136855047,1.03E+13
4.962427253,1.04E+13
3.418039313,1.04E+13
1.175967877,1.04E+13
0.231693836,1.08E+13
4.693232933,1.08E+13
4.60036899,1.09E+13
0.961042627,1.11E+13
5.309376685,1.13E+13
0.906976861,1.13E+13
1.709154495,1.15E+13
0.989706023,1.17E+13
0.829828785,1.18E+13
1.775343826,1.20E+13
0.323648024,1.22E+13
3.74553925,1.24E+13
2.111264734,1.27E+13
2.457881778,1.29E+13
2.071040273,1.34E+13
4.8642838,1.35E+13
6.445036086,1.41E+13
1.122341686,1.46E+13
2.180195178,1.47E+13
1.420160341,1.52E+13
0.151251258,1.54E+13
1.643726002,1.56E+13
1.181023297,1.60E+13
1.799395668,1.69E+13
1.600114042,1.70E+13
0.606886624,1.70E+13
2.41457552,1.73E+13
6.221552666,1.74E+13
2.663079683,1.89E+13
1.393484482,1.95E+13
2.306152697,1.95E+13
1.116048619,2.02E+13
2.351744936,2.13E+13
1.616129872,2.15E+13
7.733640265,2.18E+13
0.813452834,2.33E+13
4.557820096,2.60E+13
5.977492737,2.71E+13
4.47672254,2.71E+13
4.862873961,2.75E+13
1.817565031,2.81E+13
3.442308488,3.21E+13
2.935186459,3.31E+13
1.110132444,3.72E+13
1.077101491,3.85E+13
1.65600957,3.89E+13
0.407962984,4.10E+13
4.263164033,5.01E+13
1.169340685,5.22E+13
3.975905188,5.51E+13
3.378574253,7.47E+13
6.707045724,9.36E+13
4.327020261,1.11E+14
5.540742829,1.27E+14
2.06983302,2.22E+14
3.76373308,2.60E+14
